,active,best_fit,confirmed,dates,days,days_since_200,death,death_pc,doubling_rate,lat,long,new cases,new deaths,new recoveries,recovered,region
0,200.0,,200.0,,,0,0.0,,,,,25.889887340775175,,,,Doubles 5 days
1,229.73967099940702,,229.73967099940702,,,1,0.0,,,,,29.739670999407025,,,,Doubles 5 days
2,263.9015821545789,,263.9015821545789,,,2,0.0,,,,,34.16191115517185,,,,Doubles 5 days
3,303.14331330207966,,303.14331330207966,,,3,0.0,,,,,39.241731147500786,,,,Doubles 5 days
4,348.22022531844976,,348.22022531844976,,,4,0.0,,,,,45.0769120163701,,,,Doubles 5 days
5,400.00000000000017,,400.00000000000017,,,5,0.0,,,,,51.77977468155041,,,,Doubles 5 days
6,459.4793419988142,,459.4793419988142,,,6,0.0,,,,,59.47934199881405,,,,Doubles 5 days
7,527.8031643091581,,527.8031643091581,,,7,0.0,,,,,68.32382231034387,,,,Doubles 5 days
8,606.2866266041597,,606.2866266041597,,,8,0.0,,,,,78.48346229500157,,,,Doubles 5 days
9,696.4404506368999,,696.4404506368999,,,9,0.0,,,,,90.1538240327402,,,,Doubles 5 days
10,800.0000000000007,,800.0000000000007,,,10,0.0,,,,,103.55954936310081,,,,Doubles 5 days
11,918.9586839976288,,918.9586839976288,,,11,0.0,,,,,118.9586839976281,,,,Doubles 5 days
12,1055.6063286183164,,1055.6063286183164,,,12,0.0,,,,,136.64764462068763,,,,Doubles 5 days
13,1212.5732532083196,,1212.5732532083196,,,13,0.0,,,,,156.96692459000315,,,,Doubles 5 days
14,1392.8809012738002,,1392.8809012738002,,,14,0.0,,,,,180.30764806548063,,,,Doubles 5 days
15,1600.0000000000018,,1600.0000000000018,,,15,0.0,,,,,207.11909872620163,,,,Doubles 5 days
16,1837.9173679952582,,1837.9173679952582,,,16,0.0,,,,,237.91736799525643,,,,Doubles 5 days
17,2111.2126572366337,,2111.2126572366337,,,17,0.0,,,,,273.2952892413755,,,,Doubles 5 days
18,2425.1465064166405,,2425.1465064166405,,,18,0.0,,,,,313.93384918000675,,,,Doubles 5 days
19,2785.7618025476013,,2785.7618025476013,,,19,0.0,,,,,360.6152961309608,,,,Doubles 5 days
20,3200.000000000005,,3200.000000000005,,,20,0.0,,,,,414.2381974524037,,,,Doubles 5 days
21,3675.834735990518,,3675.834735990518,,,21,0.0,,,,,475.83473599051285,,,,Doubles 5 days
22,4222.425314473269,,4222.425314473269,,,22,0.0,,,,,546.5905784827514,,,,Doubles 5 days
23,4850.293012833283,,4850.293012833283,,,23,0.0,,,,,627.8676983600135,,,,Doubles 5 days
24,5571.523605095205,,5571.523605095205,,,24,0.0,,,,,721.2305922619225,,,,Doubles 5 days
25,6400.000000000013,,6400.000000000013,,,25,0.0,,,,,828.4763949048074,,,,Doubles 5 days
26,7351.669471981038,,7351.669471981038,,,26,0.0,,,,,951.6694719810257,,,,Doubles 5 days
27,8444.850628946542,,8444.850628946542,,,27,0.0,,,,,1093.1811569655038,,,,Doubles 5 days
28,9700.58602566657,,9700.58602566657,,,28,0.0,,,,,1255.735396720027,,,,Doubles 5 days
29,11143.047210190414,,11143.047210190414,,,29,0.0,,,,,1442.461184523845,,,,Doubles 5 days
30,12800.000000000031,,12800.000000000031,,,30,0.0,,,,,1656.9527898096167,,,,Doubles 5 days
31,14703.338943962084,,14703.338943962084,,,31,0.0,,,,,1903.3389439620532,,,,Doubles 5 days
32,16889.701257893088,,16889.701257893088,,,32,0.0,,,,,2186.362313931004,,,,Doubles 5 days
33,19401.172051333146,,19401.172051333146,,,33,0.0,,,,,2511.4707934400576,,,,Doubles 5 days
34,22286.094420380836,,22286.094420380836,,,34,0.0,,,,,2884.92236904769,,,,Doubles 5 days
35,25600.000000000073,,25600.000000000073,,,35,0.0,,,,,3313.905579619237,,,,Doubles 5 days
36,29406.67788792418,,29406.67788792418,,,36,0.0,,,,,3806.6778879241065,,,,Doubles 5 days
37,33779.40251578619,,33779.40251578619,,,37,0.0,,,,,4372.724627862011,,,,Doubles 5 days
38,38802.344102666306,,38802.344102666306,,,38,0.0,,,,,5022.941586880115,,,,Doubles 5 days
39,44572.18884076169,,44572.18884076169,,,39,0.0,,,,,5769.844738095388,,,,Doubles 5 days
40,51200.00000000016,,51200.00000000016,,,40,0.0,,,,,6627.811159238467,,,,Doubles 5 days
41,58813.35577584838,,58813.35577584838,,,41,0.0,,,,,7613.35577584822,,,,Doubles 5 days
42,67558.80503157241,,67558.80503157241,,,42,0.0,,,,,8745.44925572403,,,,Doubles 5 days
43,77604.68820533266,,77604.68820533266,,,43,0.0,,,,,10045.883173760245,,,,Doubles 5 days
44,89144.37768152343,,89144.37768152343,,,44,0.0,,,,,11539.689476190775,,,,Doubles 5 days
45,102400.00000000036,,102400.00000000036,,,45,0.0,,,,,13255.622318476933,,,,Doubles 5 days
46,117626.71155169682,,117626.71155169682,,,46,0.0,,,,,15226.711551696455,,,,Doubles 5 days
47,135117.61006314488,,135117.61006314488,,,47,0.0,,,,,17490.89851144806,,,,Doubles 5 days
48,155209.37641066534,,155209.37641066534,,,48,0.0,,,,,20091.76634752046,,,,Doubles 5 days
49,178288.75536304692,,178288.75536304692,,,49,0.0,,,,,23079.37895238158,,,,Doubles 5 days
50,204800.00000000081,,204800.00000000081,,,50,0.0,,,,,26511.244636953896,,,,Doubles 5 days
51,235253.42310339375,,235253.42310339375,,,51,0.0,,,,,30453.42310339294,,,,Doubles 5 days
52,270235.2201262899,,270235.2201262899,,,52,0.0,,,,,34981.79702289612,,,,Doubles 5 days
53,310418.75282133085,,310418.75282133085,,,53,0.0,,,,,40183.53269504098,,,,Doubles 5 days
54,356577.510726094,,356577.510726094,,,54,0.0,,,,,46158.75790476316,,,,Doubles 5 days
55,409600.0000000018,,409600.0000000018,,,55,0.0,,,,,53022.48927390779,,,,Doubles 5 days
56,470506.8462067877,,470506.8462067877,,,56,0.0,,,,,60906.84620678588,,,,Doubles 5 days
57,540470.4402525799,,540470.4402525799,,,57,0.0,,,,,69963.59404579218,,,,Doubles 5 days
58,620837.5056426619,,620837.5056426619,,,58,0.0,,,,,80367.06539008208,,,,Doubles 5 days
59,713155.0214521883,,713155.0214521883,,,59,0.0,,,,,92317.51580952632,,,,Doubles 5 days
718,259.0,[ 0.21498149 -7.58493448],266.0,2020-03-22,60.0,0,4.0,1.5,3.22,-38.4161,-63.6167,108.0,0.0,0.0,3.0,Argentina
719,294.0,[ 0.21866703 -7.7703631 ],301.0,2020-03-23,61.0,1,4.0,1.33,3.17,-38.4161,-63.6167,35.0,0.0,0.0,3.0,Argentina
720,329.0,[ 0.22736328 -8.24588116],387.0,2020-03-24,62.0,2,6.0,1.55,3.05,-38.4161,-63.6167,86.0,2.0,49.0,52.0,Argentina
721,327.0,[ 0.22584331 -8.171791  ],387.0,2020-03-25,63.0,3,8.0,2.07,3.07,-38.4161,-63.6167,0.0,2.0,0.0,52.0,Argentina
722,430.0,[ 0.22855393 -8.33919809],502.0,2020-03-26,64.0,4,9.0,1.79,3.03,-38.4161,-63.6167,115.0,1.0,11.0,63.0,Argentina
723,504.0,[ 0.22761376 -8.29906768],589.0,2020-03-27,65.0,5,13.0,2.21,3.05,-38.4161,-63.6167,87.0,4.0,9.0,72.0,Argentina
724,600.0,[ 0.22006477 -7.86054972],690.0,2020-03-28,66.0,6,18.0,2.61,3.15,-38.4161,-63.6167,101.0,5.0,0.0,72.0,Argentina
725,654.0,[ 0.21588078 -7.63295507],745.0,2020-03-29,67.0,7,19.0,2.55,3.21,-38.4161,-63.6167,55.0,1.0,0.0,72.0,Argentina
726,569.0,[ 0.20677085 -7.0987509 ],820.0,2020-03-30,68.0,8,23.0,2.8,3.35,-38.4161,-63.6167,75.0,4.0,156.0,228.0,Argentina
727,787.0,[ 0.20084459 -6.74395123],1054.0,2020-03-31,69.0,9,27.0,2.56,3.45,-38.4161,-63.6167,234.0,4.0,12.0,240.0,Argentina
728,778.0,[ 0.19111001 -6.15294747],1054.0,2020-04-01,70.0,10,28.0,2.66,3.63,-38.4161,-63.6167,0.0,1.0,8.0,248.0,Argentina
729,841.0,[ 0.17919133 -5.41140132],1133.0,2020-04-02,71.0,11,36.0,3.18,3.87,-38.4161,-63.6167,79.0,8.0,8.0,256.0,Argentina
730,960.0,[ 0.16517823 -4.51341146],1265.0,2020-04-03,72.0,12,39.0,3.08,4.2,-38.4161,-63.6167,132.0,3.0,10.0,266.0,Argentina
731,1129.0,[ 0.15116575 -3.59169167],1451.0,2020-04-04,73.0,13,43.0,2.96,4.59,-38.4161,-63.6167,186.0,4.0,13.0,279.0,Argentina
732,1127.0,[ 0.13612951 -2.59119838],1451.0,2020-04-05,74.0,14,44.0,3.03,5.09,-38.4161,-63.6167,0.0,1.0,1.0,280.0,Argentina
733,1181.0,[ 0.12072905 -1.54492222],1554.0,2020-04-06,75.0,15,48.0,3.09,5.74,-38.4161,-63.6167,103.0,4.0,45.0,325.0,Argentina
734,1234.0,[ 0.11265379 -0.99927025],1628.0,2020-04-07,76.0,16,56.0,3.44,6.15,-38.4161,-63.6167,74.0,8.0,13.0,338.0,Argentina
735,1294.0,[ 0.10348901 -0.36621828],1715.0,2020-04-08,77.0,17,63.0,3.67,6.7,-38.4161,-63.6167,87.0,7.0,20.0,358.0,Argentina
736,1358.0,[0.09649497 0.11926794],1795.0,2020-04-09,78.0,18,72.0,4.01,7.18,-38.4161,-63.6167,80.0,9.0,7.0,365.0,Argentina
737,1518.0,[0.08709621 0.79665353],1975.0,2020-04-10,79.0,19,82.0,4.15,7.96,-38.4161,-63.6167,180.0,10.0,10.0,375.0,Argentina
738,1452.0,[0.079408   1.35255974],1975.0,2020-04-11,80.0,20,83.0,4.2,8.73,-38.4161,-63.6167,0.0,1.0,65.0,440.0,Argentina
739,1584.0,[0.0734774  1.78974266],2142.0,2020-04-12,81.0,21,90.0,4.2,9.43,-38.4161,-63.6167,167.0,7.0,28.0,468.0,Argentina
740,1596.0,[0.0683756  2.16904662],2208.0,2020-04-13,82.0,22,97.0,4.39,10.14,-38.4161,-63.6167,66.0,7.0,47.0,515.0,Argentina
741,1616.0,[0.06244887 2.61796631],2277.0,2020-04-14,83.0,23,102.0,4.48,11.1,-38.4161,-63.6167,69.0,5.0,44.0,559.0,Argentina
742,1736.0,[0.0571864  3.02632593],2443.0,2020-04-15,84.0,24,111.0,4.54,12.12,-38.4161,-63.6167,166.0,9.0,37.0,596.0,Argentina
743,1825.0,[0.05611571 3.10784979],2571.0,2020-04-16,85.0,25,115.0,4.47,12.35,-38.4161,-63.6167,128.0,4.0,35.0,631.0,Argentina
744,1880.0,[0.05324755 3.33495348],2669.0,2020-04-17,86.0,26,123.0,4.61,13.02,-38.4161,-63.6167,98.0,8.0,35.0,666.0,Argentina
745,1944.0,[0.05017721 3.58140088],2758.0,2020-04-18,87.0,27,129.0,4.68,13.81,-38.4161,-63.6167,89.0,6.0,19.0,685.0,Argentina
746,1998.0,[0.04788387 3.76636058],2839.0,2020-04-19,88.0,28,132.0,4.65,14.48,-38.4161,-63.6167,81.0,3.0,24.0,709.0,Argentina
747,2068.0,[0.0474211  3.80034849],2941.0,2020-04-20,89.0,29,136.0,4.62,14.62,-38.4161,-63.6167,102.0,4.0,28.0,737.0,Argentina
748,2044.0,[0.04554532 3.95371954],3031.0,2020-04-21,90.0,30,147.0,4.85,15.22,-38.4161,-63.6167,90.0,11.0,103.0,840.0,Argentina
749,2120.0,[0.04402486 4.0791744 ],3144.0,2020-04-22,91.0,31,152.0,4.83,15.74,-38.4161,-63.6167,113.0,5.0,32.0,872.0,Argentina
750,2351.0,[0.04354752 4.12215071],3435.0,2020-04-23,92.0,32,165.0,4.8,15.92,-38.4161,-63.6167,291.0,13.0,47.0,919.0,Argentina
751,2455.0,[0.04325342 4.15021541],3607.0,2020-04-24,93.0,33,176.0,4.88,16.03,-38.4161,-63.6167,172.0,11.0,57.0,976.0,Argentina
3531,243.0,[ 0.16608863 -3.41604034],252.0,2020-03-15,53.0,0,1.0,0.4,4.17,45.493193749999996,-83.99848125,54.0,0.0,0.0,8.0,Canada
3532,402.0,[ 0.17908844 -3.99708597],415.0,2020-03-16,54.0,1,4.0,0.96,3.87,45.493193749999996,-83.99848125,163.0,3.0,1.0,9.0,Canada
3533,464.0,[ 0.19084466 -4.54762242],478.0,2020-03-17,55.0,2,5.0,1.05,3.63,45.493193749999996,-83.99848125,63.0,1.0,0.0,9.0,Canada
3534,640.0,[ 0.20376308 -5.16551993],657.0,2020-03-18,56.0,3,8.0,1.22,3.4,45.493193749999996,-83.99848125,179.0,3.0,0.0,9.0,Canada
3535,782.0,[ 0.21427172 -5.68424726],800.0,2020-03-19,57.0,4,9.0,1.12,3.23,45.493193749999996,-83.99848125,143.0,1.0,0.0,9.0,Canada
3536,922.0,[ 0.22113368 -6.03551339],943.0,2020-03-20,58.0,5,12.0,1.27,3.13,45.493193749999996,-83.99848125,143.0,3.0,0.0,9.0,Canada
3537,1248.0,[ 0.22768373 -6.37264026],1277.0,2020-03-21,59.0,6,19.0,1.49,3.04,45.493193749999996,-83.99848125,334.0,7.0,1.0,10.0,Canada
3538,1438.0,[ 0.23393035 -6.71573899],1469.0,2020-03-22,60.0,7,21.0,1.43,2.96,45.493193749999996,-83.99848125,192.0,2.0,0.0,10.0,Canada
3539,2053.0,[ 0.24036097 -7.06527121],2088.0,2020-03-23,61.0,8,25.0,1.2,2.88,45.493193749999996,-83.99848125,619.0,4.0,0.0,10.0,Canada
3540,2654.0,[ 0.24668254 -7.41422596],2790.0,2020-03-24,62.0,9,26.0,0.93,2.81,45.493193749999996,-83.99848125,702.0,1.0,100.0,110.0,Canada
3541,3038.0,[ 0.24989775 -7.60542031],3251.0,2020-03-25,63.0,10,30.0,0.92,2.77,45.493193749999996,-83.99848125,461.0,4.0,73.0,183.0,Canada
3542,3820.0,[ 0.24754935 -7.47669321],4042.0,2020-03-26,64.0,11,38.0,0.94,2.8,45.493193749999996,-83.99848125,791.0,8.0,1.0,184.0,Canada
3543,4372.0,[ 0.2446867  -7.32405598],4682.0,2020-03-27,65.0,12,54.0,1.15,2.83,45.493193749999996,-83.99848125,640.0,16.0,72.0,256.0,Canada
3544,5049.0,[ 0.2365935  -6.85378695],5576.0,2020-03-28,66.0,13,61.0,1.09,2.93,45.493193749999996,-83.99848125,894.0,7.0,210.0,466.0,Canada
3545,5750.0,[ 0.2322711  -6.61554532],6280.0,2020-03-29,67.0,14,64.0,1.02,2.98,45.493193749999996,-83.99848125,704.0,3.0,0.0,466.0,Canada
3546,6852.0,[ 0.22195977 -5.99768756],7398.0,2020-03-30,68.0,15,80.0,1.08,3.12,45.493193749999996,-83.99848125,1118.0,16.0,0.0,466.0,Canada
3547,6834.0,[ 0.21016135 -5.27394689],8527.0,2020-03-31,69.0,16,101.0,1.18,3.3,45.493193749999996,-83.99848125,1129.0,21.0,1126.0,1592.0,Canada
3548,8127.0,[ 0.20299906 -4.84039839],9560.0,2020-04-01,70.0,17,109.0,1.14,3.41,45.493193749999996,-83.99848125,1033.0,8.0,-268.0,1324.0,Canada
3549,9410.0,[ 0.19380072 -4.26170734],11284.0,2020-04-02,71.0,18,139.0,1.23,3.58,45.493193749999996,-83.99848125,1724.0,30.0,411.0,1735.0,Canada
3550,10083.0,[ 0.1854017  -3.72997464],12437.0,2020-04-03,72.0,19,179.0,1.44,3.74,45.493193749999996,-83.99848125,1153.0,40.0,440.0,2175.0,Canada
3551,10183.0,[ 0.17421588 -3.00855492],12978.0,2020-04-04,73.0,20,218.0,1.68,3.98,45.493193749999996,-83.99848125,541.0,39.0,402.0,2577.0,Canada
3552,12485.0,[ 0.16322478 -2.27586834],15756.0,2020-04-05,74.0,21,259.0,1.64,4.25,45.493193749999996,-83.99848125,2778.0,41.0,435.0,3012.0,Canada
3553,12968.0,[ 0.15263349 -1.56401521],16563.0,2020-04-06,75.0,22,339.0,2.05,4.54,45.493193749999996,-83.99848125,807.0,80.0,244.0,3256.0,Canada
3554,13706.0,[ 0.13968457 -0.67348177],17872.0,2020-04-07,76.0,23,375.0,2.1,4.96,45.493193749999996,-83.99848125,1309.0,36.0,535.0,3791.0,Canada
3555,14580.0,[0.12969047 0.01990066],19141.0,2020-04-08,77.0,24,407.0,2.13,5.34,45.493193749999996,-83.99848125,1269.0,32.0,363.0,4154.0,Canada
3556,14989.0,[0.12210384 0.55018395],20654.0,2020-04-09,78.0,25,503.0,2.44,5.68,45.493193749999996,-83.99848125,1513.0,96.0,1008.0,5162.0,Canada
3557,15647.0,[0.11390412 1.13403223],22059.0,2020-04-10,79.0,26,557.0,2.53,6.09,45.493193749999996,-83.99848125,1405.0,54.0,693.0,5855.0,Canada
3558,16073.0,[0.10673967 1.64907589],23316.0,2020-04-11,80.0,27,654.0,2.8,6.49,45.493193749999996,-83.99848125,1257.0,97.0,734.0,6589.0,Canada
3559,16462.0,[0.09900667 2.213631  ],24299.0,2020-04-12,81.0,28,714.0,2.94,7.0,45.493193749999996,-83.99848125,983.0,60.0,534.0,7123.0,Canada
3560,17143.0,[0.09201842 2.73070173],25680.0,2020-04-13,82.0,29,779.0,3.03,7.53,45.493193749999996,-83.99848125,1381.0,65.0,635.0,7758.0,Canada
3561,17926.0,[0.084645  3.2866117],27035.0,2020-04-14,83.0,30,899.0,3.33,8.19,45.493193749999996,-83.99848125,1355.0,120.0,452.0,8210.0,Canada
3562,18237.0,[0.07801185 3.7930548 ],28209.0,2020-04-15,84.0,31,1006.0,3.57,8.89,45.493193749999996,-83.99848125,1174.0,107.0,756.0,8966.0,Canada
3563,19854.0,[0.07293766 4.18857774],30809.0,2020-04-16,85.0,32,1257.0,4.08,9.5,45.493193749999996,-83.99848125,2600.0,251.0,732.0,9698.0,Canada
3564,20915.0,[0.06833486 4.55403935],32814.0,2020-04-17,86.0,33,1354.0,4.13,10.14,45.493193749999996,-83.99848125,2005.0,97.0,847.0,10545.0,Canada
3565,21993.0,[0.06526273 4.7995262 ],34356.0,2020-04-18,87.0,34,1399.0,4.07,10.62,45.493193749999996,-83.99848125,1542.0,45.0,419.0,10964.0,Canada
3566,22223.0,[0.06215321 5.05036663],35633.0,2020-04-19,88.0,35,1563.0,4.39,11.15,45.493193749999996,-83.99848125,1277.0,164.0,883.0,11847.0,Canada
3567,23390.0,[0.05823158 5.37440688],37658.0,2020-04-20,89.0,36,1725.0,4.58,11.9,45.493193749999996,-83.99848125,2025.0,162.0,696.0,12543.0,Canada
3568,24306.0,[0.05702451 5.47304546],39402.0,2020-04-21,90.0,37,1908.0,4.84,12.16,45.493193749999996,-83.99848125,1744.0,183.0,645.0,13188.0,Canada
3569,25121.0,[0.05559426 5.59308031],41650.0,2020-04-22,91.0,38,2075.0,4.98,12.47,45.493193749999996,-83.99848125,2248.0,167.0,1266.0,14454.0,Canada
3570,26285.0,[0.05420334 5.71030617],43286.0,2020-04-23,92.0,39,2240.0,5.17,12.79,45.493193749999996,-83.99848125,1636.0,165.0,307.0,14761.0,Canada
3571,26523.0,[0.05231455 5.86969593],44056.0,2020-04-24,93.0,40,2384.0,5.41,13.25,45.493193749999996,-83.99848125,770.0,144.0,388.0,15149.0,Canada
6715,188.0,[ 0.20853853 -3.66526471],204.0,2020-03-03,41.0,0,4.0,1.96,3.32,46.2276,2.2137,13.0,1.0,0.0,12.0,France
6716,269.0,[ 0.23907664 -4.72939416],285.0,2020-03-04,42.0,1,4.0,1.4,2.9,46.2276,2.2137,81.0,0.0,0.0,12.0,France
6717,359.0,[ 0.26646942 -5.72545582],377.0,2020-03-05,43.0,2,6.0,1.59,2.6,46.2276,2.2137,92.0,2.0,0.0,12.0,France
6718,632.0,[ 0.29584059 -6.81418092],653.0,2020-03-06,44.0,3,9.0,1.38,2.34,46.2276,2.2137,276.0,3.0,0.0,12.0,France
6719,926.0,[ 0.32170313 -7.80671033],949.0,2020-03-07,45.0,4,11.0,1.16,2.15,46.2276,2.2137,296.0,2.0,0.0,12.0,France
6720,1095.0,[ 0.3384837 -8.4906206],1126.0,2020-03-08,46.0,5,19.0,1.69,2.05,46.2276,2.2137,177.0,8.0,0.0,12.0,France
6721,1178.0,[ 0.34347574 -8.73799947],1209.0,2020-03-09,47.0,6,19.0,1.57,2.02,46.2276,2.2137,83.0,0.0,0.0,12.0,France
6722,1739.0,[ 0.34348348 -8.76918213],1784.0,2020-03-10,48.0,7,33.0,1.85,2.02,46.2276,2.2137,575.0,14.0,0.0,12.0,France
6723,2221.0,[ 0.33420141 -8.39949319],2281.0,2020-03-11,49.0,8,48.0,2.1,2.07,46.2276,2.2137,497.0,15.0,0.0,12.0,France
6724,2221.0,[ 0.31333939 -7.52872675],2281.0,2020-03-12,50.0,9,48.0,2.1,2.21,46.2276,2.2137,0.0,0.0,0.0,12.0,France
6725,3570.0,[ 0.29421642 -6.6780222 ],3661.0,2020-03-13,51.0,10,79.0,2.16,2.36,46.2276,2.2137,1380.0,31.0,0.0,12.0,France
6726,4366.0,[ 0.28254027 -6.15469134],4469.0,2020-03-14,52.0,11,91.0,2.04,2.45,46.2276,2.2137,808.0,12.0,0.0,12.0,France
6727,4396.0,[ 0.26712675 -5.46288179],4499.0,2020-03-15,53.0,12,91.0,2.02,2.59,46.2276,2.2137,30.0,0.0,0.0,12.0,France
6728,6473.0,[ 0.26148079 -5.20530609],6633.0,2020-03-16,54.0,13,148.0,2.23,2.65,46.2276,2.2137,2134.0,57.0,0.0,12.0,France
6729,7492.0,[ 0.25320917 -4.81918584],7652.0,2020-03-17,55.0,14,148.0,1.93,2.74,46.2276,2.2137,1019.0,0.0,0.0,12.0,France
6730,8883.0,[ 0.24625453 -4.49400302],9043.0,2020-03-18,56.0,15,148.0,1.64,2.81,46.2276,2.2137,1391.0,0.0,0.0,12.0,France
6731,10616.0,[ 0.23366175 -3.86843148],10871.0,2020-03-19,57.0,16,243.0,2.24,2.97,46.2276,2.2137,1828.0,95.0,0.0,12.0,France
6732,12150.0,[ 0.2210117  -3.22639606],12612.0,2020-03-20,58.0,17,450.0,3.57,3.14,46.2276,2.2137,1741.0,207.0,0.0,12.0,France
6733,13708.0,[ 0.20695179 -2.49616532],14282.0,2020-03-21,59.0,18,562.0,3.94,3.35,46.2276,2.2137,1670.0,112.0,0.0,12.0,France
6734,13144.0,[ 0.19846587 -2.05761333],16018.0,2020-03-22,60.0,19,674.0,4.21,3.49,46.2276,2.2137,1736.0,112.0,2188.0,2200.0,France
6735,16796.0,[ 0.19465239 -1.86200445],19856.0,2020-03-23,61.0,20,860.0,4.33,3.56,46.2276,2.2137,3838.0,186.0,0.0,2200.0,France
6736,17961.0,[ 0.18873522 -1.5475405 ],22304.0,2020-03-24,62.0,21,1100.0,4.93,3.67,46.2276,2.2137,2448.0,240.0,1043.0,3243.0,France
6737,20002.0,[ 0.17853524 -0.98027937],25233.0,2020-03-25,63.0,22,1331.0,5.27,3.88,46.2276,2.2137,2929.0,231.0,657.0,3900.0,France
6738,22511.0,[ 0.17231245 -0.63261601],29155.0,2020-03-26,64.0,23,1696.0,5.82,4.02,46.2276,2.2137,3922.0,365.0,1048.0,4948.0,France
6739,25269.0,[ 0.16672518 -0.31673525],32964.0,2020-03-27,65.0,24,1995.0,6.05,4.16,46.2276,2.2137,3809.0,299.0,752.0,5700.0,France
6740,29561.0,[0.15617061 0.30908957],37575.0,2020-03-28,66.0,25,2314.0,6.16,4.44,46.2276,2.2137,4611.0,319.0,0.0,5700.0,France
6741,30366.0,[0.15067905 0.62938431],40174.0,2020-03-29,67.0,26,2606.0,6.49,4.6,46.2276,2.2137,2599.0,292.0,1502.0,7202.0,France
6742,33599.0,[0.14540837 0.94129684],44550.0,2020-03-30,68.0,27,3024.0,6.79,4.77,46.2276,2.2137,4376.0,418.0,725.0,7927.0,France
6743,39161.0,[0.1370071  1.46568239],52128.0,2020-03-31,69.0,28,3523.0,6.76,5.06,46.2276,2.2137,7578.0,499.0,1517.0,9444.0,France
6744,41652.0,[0.13307212 1.70903664],56989.0,2020-04-01,70.0,29,4403.0,7.73,5.21,46.2276,2.2137,4861.0,880.0,1490.0,10934.0,France
6745,41290.0,[0.1271882  2.07736493],59105.0,2020-04-02,71.0,30,5387.0,9.11,5.45,46.2276,2.2137,2116.0,984.0,1494.0,12428.0,France
6746,43823.0,[0.12133845 2.45012043],64338.0,2020-04-03,72.0,31,6507.0,10.11,5.71,46.2276,2.2137,5233.0,1120.0,1580.0,14008.0,France
6747,45607.0,[0.11573685 2.81082887],68605.0,2020-04-04,73.0,32,7560.0,11.02,5.99,46.2276,2.2137,4267.0,1053.0,1430.0,15438.0,France
6748,46217.0,[0.10902472 3.24898925],70478.0,2020-04-05,74.0,33,8078.0,11.46,6.36,46.2276,2.2137,1873.0,518.0,745.0,16183.0,France
6749,48229.0,[0.10155227 3.74749995],74390.0,2020-04-06,75.0,34,8911.0,11.98,6.83,46.2276,2.2137,3912.0,833.0,1067.0,17250.0,France
6750,48502.0,[0.09318625 4.3180911 ],78167.0,2020-04-07,76.0,35,10328.0,13.21,7.44,46.2276,2.2137,3777.0,1417.0,2087.0,19337.0,France
6751,49925.0,[0.08659679 4.77154669],82048.0,2020-04-08,77.0,36,10869.0,13.25,8.0,46.2276,2.2137,3881.0,541.0,1917.0,21254.0,France
6752,50918.0,[0.07986412 5.24419484],86334.0,2020-04-09,78.0,37,12210.0,14.14,8.68,46.2276,2.2137,4286.0,1341.0,1952.0,23206.0,France
6753,52547.0,[0.07331775 5.71234179],90676.0,2020-04-10,79.0,38,13197.0,14.55,9.45,46.2276,2.2137,4342.0,987.0,1726.0,24932.0,France
6754,53567.0,[0.06736589 6.1435613 ],93790.0,2020-04-11,80.0,39,13832.0,14.75,10.29,46.2276,2.2137,3114.0,635.0,1459.0,26391.0,France
6755,79054.0,[0.06659929 6.21362413],120633.0,2020-04-12,81.0,40,14393.0,11.93,10.41,46.2276,2.2137,26843.0,561.0,795.0,27186.0,France
6756,81613.0,[0.06595026 6.27014883],124298.0,2020-04-13,82.0,41,14967.0,12.04,10.51,46.2276,2.2137,3665.0,574.0,532.0,27718.0,France
6757,84723.0,[0.06431756 6.40050368],129257.0,2020-04-14,83.0,42,15729.0,12.17,10.78,46.2276,2.2137,4959.0,762.0,1087.0,28805.0,France
6758,84351.0,[0.06237478 6.55291927],132473.0,2020-04-15,84.0,43,17167.0,12.96,11.11,46.2276,2.2137,3216.0,1438.0,2150.0,30955.0,France
6759,94212.0,[0.06313866 6.49525933],144944.0,2020-04-16,85.0,44,17920.0,12.36,10.98,46.2276,2.2137,12471.0,753.0,1857.0,32812.0,France
6760,93822.0,[0.0634228  6.46900622],146923.0,2020-04-17,86.0,45,18681.0,12.71,10.93,46.2276,2.2137,1979.0,761.0,1608.0,34420.0,France
6761,91600.0,[0.06183038 6.5890858 ],146906.0,2020-04-18,87.0,46,19323.0,13.15,11.21,46.2276,2.2137,-17.0,642.0,1563.0,35983.0,France
6762,95512.0,[0.06040501 6.69565209],151808.0,2020-04-19,88.0,47,19718.0,12.99,11.47,46.2276,2.2137,4902.0,395.0,595.0,36578.0,France
6763,96514.0,[0.05840326 6.84900264],154188.0,2020-04-20,89.0,48,20265.0,13.14,11.87,46.2276,2.2137,2380.0,547.0,831.0,37409.0,France
6764,96944.0,[0.05508067 7.11474036],156921.0,2020-04-21,90.0,49,20796.0,13.25,12.58,46.2276,2.2137,2733.0,531.0,1772.0,39181.0,France
6765,92718.0,[0.05044206 7.49274993],154715.0,2020-04-22,91.0,50,21340.0,13.79,13.74,46.2276,2.2137,-2206.0,544.0,1476.0,40657.0,France
6766,93082.0,[0.04521495 7.92759666],157026.0,2020-04-23,92.0,51,21856.0,13.92,15.33,46.2276,2.2137,2311.0,516.0,1431.0,42088.0,France
6767,92898.0,[0.03937262 8.42310768],158636.0,2020-04-24,93.0,52,22245.0,14.02,17.6,46.2276,2.2137,1610.0,389.0,1405.0,43493.0,France
9433,221.0,[ 0.2451427  -4.32717875],229.0,2020-02-24,33.0,0,7.0,3.06,2.83,43.0,12.0,74.0,4.0,-1.0,1.0,Italy
9434,311.0,[ 0.30944852 -5.98417955],322.0,2020-02-25,34.0,1,10.0,3.11,2.24,43.0,12.0,93.0,3.0,0.0,1.0,Italy
9435,438.0,[ 0.36753115 -7.57732047],453.0,2020-02-26,35.0,2,12.0,2.65,1.89,43.0,12.0,131.0,2.0,2.0,3.0,Italy
9436,593.0,[ 0.41899112 -9.07483421],655.0,2020-02-27,36.0,3,17.0,2.6,1.65,43.0,12.0,202.0,5.0,42.0,45.0,Italy
9437,821.0,[  0.46132315 -10.38697267],888.0,2020-02-28,37.0,4,21.0,2.36,1.5,43.0,12.0,233.0,4.0,1.0,46.0,Italy
9438,1053.0,[  0.49219595 -11.41931694],1128.0,2020-02-29,38.0,5,29.0,2.57,1.41,43.0,12.0,240.0,8.0,0.0,46.0,Italy
9439,1577.0,[  0.51459892 -12.2211919 ],1694.0,2020-03-01,39.0,6,34.0,2.01,1.35,43.0,12.0,566.0,5.0,37.0,83.0,Italy
9440,1835.0,[  0.52242241 -12.58254593],2036.0,2020-03-02,40.0,7,52.0,2.55,1.33,43.0,12.0,342.0,18.0,66.0,149.0,Italy
9441,2263.0,[  0.51561544 -12.4565452 ],2502.0,2020-03-03,41.0,8,79.0,3.16,1.34,43.0,12.0,466.0,27.0,11.0,160.0,Italy
9442,2706.0,[  0.49367448 -11.78163562],3089.0,2020-03-04,42.0,9,107.0,3.46,1.4,43.0,12.0,587.0,28.0,116.0,276.0,Italy
9443,3296.0,[  0.45623431 -10.49872857],3858.0,2020-03-05,43.0,10,148.0,3.84,1.52,43.0,12.0,769.0,41.0,138.0,414.0,Italy
9444,3916.0,[ 0.40178969 -8.50879675],4636.0,2020-03-06,44.0,11,197.0,4.25,1.73,43.0,12.0,778.0,49.0,109.0,523.0,Italy
9445,5061.0,[ 0.33100275 -5.78225069],5883.0,2020-03-07,45.0,12,233.0,3.96,2.09,43.0,12.0,1247.0,36.0,66.0,589.0,Italy
9446,6387.0,[ 0.29033207 -4.17804994],7375.0,2020-03-08,46.0,13,366.0,4.96,2.39,43.0,12.0,1492.0,133.0,33.0,622.0,Italy
9447,7985.0,[ 0.26537388 -3.17023499],9172.0,2020-03-09,47.0,14,463.0,5.05,2.61,43.0,12.0,1797.0,97.0,102.0,724.0,Italy
9448,8794.0,[ 0.25085935 -2.58641367],10149.0,2020-03-10,48.0,15,631.0,6.22,2.76,43.0,12.0,977.0,168.0,0.0,724.0,Italy
9449,10590.0,[ 0.23833197 -2.06759221],12462.0,2020-03-11,49.0,16,827.0,6.64,2.91,43.0,12.0,2313.0,196.0,321.0,1045.0,Italy
9450,10590.0,[ 0.22257029 -1.40755955],12462.0,2020-03-12,50.0,17,827.0,6.64,3.11,43.0,12.0,0.0,0.0,0.0,1045.0,Italy
9451,14955.0,[ 0.21227962 -0.95353773],17660.0,2020-03-13,51.0,18,1266.0,7.17,3.27,43.0,12.0,5198.0,439.0,394.0,1439.0,Italy
9452,17750.0,[ 0.20441884 -0.59881961],21157.0,2020-03-14,52.0,19,1441.0,6.81,3.39,43.0,12.0,3497.0,175.0,527.0,1966.0,Italy
9453,20603.0,[ 0.19740298 -0.27604871],24747.0,2020-03-15,53.0,20,1809.0,7.31,3.51,43.0,12.0,3590.0,368.0,369.0,2335.0,Italy
9454,23073.0,[0.18928964 0.10450892],27980.0,2020-03-16,54.0,21,2158.0,7.71,3.66,43.0,12.0,3233.0,349.0,414.0,2749.0,Italy
9455,26062.0,[0.18451633 0.32464427],31506.0,2020-03-17,55.0,22,2503.0,7.94,3.76,43.0,12.0,3526.0,345.0,192.0,2941.0,Italy
9456,28710.0,[0.17850785 0.61057192],35713.0,2020-03-18,56.0,23,2978.0,8.34,3.88,43.0,12.0,4207.0,475.0,1084.0,4025.0,Italy
9457,33190.0,[0.17229108 0.91462754],41035.0,2020-03-19,57.0,24,3405.0,8.3,4.02,43.0,12.0,5322.0,427.0,415.0,4440.0,Italy
9458,38549.0,[0.16611951 1.22417262],47021.0,2020-03-20,58.0,25,4032.0,8.57,4.17,43.0,12.0,5986.0,627.0,0.0,4440.0,Italy
9459,42681.0,[0.16037705 1.51822666],53578.0,2020-03-21,59.0,26,4825.0,9.01,4.32,43.0,12.0,6557.0,793.0,1632.0,6072.0,Italy
9460,46638.0,[0.15366694 1.86925676],59138.0,2020-03-22,60.0,27,5476.0,9.26,4.51,43.0,12.0,5560.0,651.0,952.0,7024.0,Italy
9461,50826.0,[0.14714158 2.21380114],63927.0,2020-03-23,61.0,28,6077.0,9.51,4.71,43.0,12.0,4789.0,601.0,0.0,7024.0,Italy
9462,54030.0,[0.14099097 2.5417778 ],69176.0,2020-03-24,62.0,29,6820.0,9.86,4.92,43.0,12.0,5249.0,743.0,1302.0,8326.0,Italy
9463,57521.0,[0.13530962 2.84692104],74386.0,2020-03-25,63.0,30,7503.0,10.09,5.12,43.0,12.0,5210.0,683.0,1036.0,9362.0,Italy
9464,62013.0,[0.12776935 3.26713615],80589.0,2020-03-26,64.0,31,8215.0,10.19,5.42,43.0,12.0,6203.0,712.0,999.0,10361.0,Italy
9465,66414.0,[0.12082858 3.65955088],86498.0,2020-03-27,65.0,32,9134.0,10.56,5.74,43.0,12.0,5909.0,919.0,589.0,10950.0,Italy
9466,70065.0,[0.10966265 4.31719278],92472.0,2020-03-28,66.0,33,10023.0,10.84,6.32,43.0,12.0,5974.0,889.0,1434.0,12384.0,Italy
9467,73880.0,[0.10252807 4.73894339],97689.0,2020-03-29,67.0,34,10779.0,11.03,6.76,43.0,12.0,5217.0,756.0,646.0,13030.0,Italy
9468,75528.0,[0.09577542 5.14310284],101739.0,2020-03-30,68.0,35,11591.0,11.39,7.24,43.0,12.0,4050.0,812.0,1590.0,14620.0,Italy
9469,77635.0,[0.08918388 5.54350525],105792.0,2020-03-31,69.0,36,12428.0,11.75,7.77,43.0,12.0,4053.0,837.0,1109.0,15729.0,Italy
9470,80572.0,[0.08236436 5.96642916],110574.0,2020-04-01,70.0,37,13155.0,11.9,8.42,43.0,12.0,4782.0,727.0,1118.0,16847.0,Italy
9471,83049.0,[0.07538239 6.40847291],115242.0,2020-04-02,71.0,38,13915.0,12.07,9.2,43.0,12.0,4668.0,760.0,1431.0,18278.0,Italy
9472,85388.0,[0.06858019 6.8474912 ],119827.0,2020-04-03,72.0,39,14681.0,12.25,10.11,43.0,12.0,4585.0,766.0,1480.0,19758.0,Italy
9473,88274.0,[0.06255762 7.24282269],124632.0,2020-04-04,73.0,40,15362.0,12.33,11.08,43.0,12.0,4805.0,681.0,1238.0,20996.0,Italy
9474,91246.0,[0.05742278 7.58478313],128948.0,2020-04-05,74.0,41,15887.0,12.32,12.07,43.0,12.0,4316.0,525.0,819.0,21815.0,Italy
9475,93187.0,[0.05319168 7.86957226],132547.0,2020-04-06,75.0,42,16523.0,12.47,13.03,43.0,12.0,3599.0,636.0,1022.0,22837.0,Italy
9476,94067.0,[0.04926488 8.13722405],135586.0,2020-04-07,76.0,43,17127.0,12.63,14.07,43.0,12.0,3039.0,604.0,1555.0,24392.0,Italy
9477,95262.0,[0.04545983 8.4011457 ],139422.0,2020-04-08,77.0,44,17669.0,12.67,15.25,43.0,12.0,3836.0,542.0,2099.0,26491.0,Italy
9478,96877.0,[0.04198947 8.64600634],143626.0,2020-04-09,78.0,45,18279.0,12.73,16.51,43.0,12.0,4204.0,610.0,1979.0,28470.0,Italy
9479,98273.0,[0.03878437 8.87599928],147577.0,2020-04-10,79.0,46,18849.0,12.77,17.87,43.0,12.0,3951.0,570.0,1985.0,30455.0,Italy
9480,100269.0,[0.03625738 9.06019034],152271.0,2020-04-11,80.0,47,19468.0,12.79,19.12,43.0,12.0,4694.0,619.0,2079.0,32534.0,Italy
9481,102253.0,[0.03421286 9.21120854],156363.0,2020-04-12,81.0,48,19899.0,12.73,20.26,43.0,12.0,4092.0,431.0,1677.0,34211.0,Italy
9482,103616.0,[0.03253699 9.33592523],159516.0,2020-04-13,82.0,49,20465.0,12.83,21.3,43.0,12.0,3153.0,566.0,1224.0,35435.0,Italy
9483,104291.0,[0.03103676 9.4484565 ],162488.0,2020-04-14,83.0,50,21067.0,12.97,22.33,43.0,12.0,2972.0,602.0,1695.0,37130.0,Italy
9484,105418.0,[0.02941469 9.57178824],165155.0,2020-04-15,84.0,51,21645.0,13.11,23.56,43.0,12.0,2667.0,578.0,962.0,38092.0,Italy
9485,106607.0,[0.02784426 9.69333648],168941.0,2020-04-16,85.0,52,22170.0,13.12,24.89,43.0,12.0,3786.0,525.0,2072.0,40164.0,Italy
9486,106962.0,[0.02645382 9.80241185],172434.0,2020-04-17,86.0,53,22745.0,13.19,26.2,43.0,12.0,3493.0,575.0,2563.0,42727.0,Italy
9487,107771.0,[0.0252324  9.89950012],175925.0,2020-04-18,87.0,54,23227.0,13.2,27.47,43.0,12.0,3491.0,482.0,2200.0,44927.0,Italy
9488,108257.0,[0.02412095 9.98881364],178972.0,2020-04-19,88.0,55,23660.0,13.22,28.74,43.0,12.0,3047.0,433.0,2128.0,47055.0,Italy
9489,108237.0,[ 0.02308878 10.07221378],181228.0,2020-04-20,89.0,56,24114.0,13.31,30.02,43.0,12.0,2256.0,454.0,1822.0,48877.0,Italy
9490,107709.0,[ 0.02213625 10.14991426],183957.0,2020-04-21,90.0,57,24648.0,13.4,31.31,43.0,12.0,2729.0,534.0,2723.0,51600.0,Italy
9491,107699.0,[ 0.0212274  10.22528721],187327.0,2020-04-22,91.0,58,25085.0,13.39,32.65,43.0,12.0,3370.0,437.0,2943.0,54543.0,Italy
9492,106848.0,[ 0.02017726 10.3138763 ],189973.0,2020-04-23,92.0,59,25549.0,13.45,34.35,43.0,12.0,2646.0,464.0,3033.0,57576.0,Italy
9493,106527.0,[ 0.01918064 10.39923234],192994.0,2020-04-24,93.0,60,25969.0,13.46,36.14,43.0,12.0,3021.0,420.0,2922.0,60498.0,Italy
16962,218.0,[  0.36641411 -10.20902948],222.0,2020-03-04,42.0,0,2.0,0.9,1.89,40.0,-4.0,57.0,1.0,0.0,2.0,Spain
16963,254.0,[  0.39186071 -11.1748177 ],259.0,2020-03-05,43.0,1,3.0,1.16,1.77,40.0,-4.0,37.0,1.0,0.0,2.0,Spain
16964,393.0,[  0.41258993 -11.99215013],400.0,2020-03-06,44.0,2,5.0,1.25,1.68,40.0,-4.0,141.0,2.0,0.0,2.0,Spain
16965,460.0,[  0.42265815 -12.43720695],500.0,2020-03-07,45.0,3,10.0,2.0,1.64,40.0,-4.0,100.0,5.0,28.0,30.0,Spain
16966,626.0,[  0.42304127 -12.51095306],673.0,2020-03-08,46.0,4,17.0,2.53,1.64,40.0,-4.0,173.0,7.0,0.0,30.0,Spain
16967,1013.0,[  0.41660062 -12.28677185],1073.0,2020-03-09,47.0,5,28.0,2.61,1.66,40.0,-4.0,400.0,11.0,2.0,32.0,Spain
16968,1628.0,[  0.40176031 -11.68094657],1695.0,2020-03-10,48.0,6,35.0,2.06,1.73,40.0,-4.0,622.0,7.0,0.0,32.0,Spain
16969,2040.0,[  0.37360096 -10.47425238],2277.0,2020-03-11,49.0,7,54.0,2.37,1.86,40.0,-4.0,582.0,19.0,151.0,183.0,Spain
16970,2039.0,[ 0.35220849 -9.56749496],2277.0,2020-03-12,50.0,8,55.0,2.42,1.97,40.0,-4.0,0.0,1.0,0.0,183.0,Spain
16971,4906.0,[ 0.35103005 -9.49359142],5232.0,2020-03-13,51.0,9,133.0,2.54,1.97,40.0,-4.0,2955.0,78.0,10.0,193.0,Spain
16972,5679.0,[ 0.34020305 -8.98440736],6391.0,2020-03-14,52.0,10,195.0,3.05,2.04,40.0,-4.0,1159.0,62.0,324.0,517.0,Spain
16973,6992.0,[ 0.33489973 -8.7398168 ],7798.0,2020-03-15,53.0,11,289.0,3.71,2.07,40.0,-4.0,1407.0,94.0,0.0,517.0,Spain
16974,9070.0,[ 0.32731332 -8.38458206],9942.0,2020-03-16,54.0,12,342.0,3.44,2.12,40.0,-4.0,2144.0,53.0,13.0,530.0,Spain
16975,10187.0,[ 0.32313665 -8.20471466],11748.0,2020-03-17,55.0,13,533.0,4.54,2.15,40.0,-4.0,1806.0,191.0,498.0,1028.0,Spain
16976,12206.0,[ 0.3170719  -7.93665639],13910.0,2020-03-18,56.0,14,623.0,4.48,2.19,40.0,-4.0,2162.0,90.0,53.0,1081.0,Spain
16977,16026.0,[ 0.31063003 -7.64172317],17963.0,2020-03-19,57.0,15,830.0,4.62,2.23,40.0,-4.0,4053.0,207.0,26.0,1107.0,Spain
16978,17779.0,[ 0.30062913 -7.16473889],20410.0,2020-03-20,58.0,16,1043.0,5.11,2.31,40.0,-4.0,2447.0,213.0,481.0,1588.0,Spain
16979,21874.0,[ 0.28598685 -6.4247495 ],25374.0,2020-03-21,59.0,17,1375.0,5.42,2.42,40.0,-4.0,4964.0,332.0,537.0,2125.0,Spain
16980,24421.0,[ 0.27149544 -5.68271514],28768.0,2020-03-22,60.0,18,1772.0,6.16,2.55,40.0,-4.0,3394.0,397.0,450.0,2575.0,Spain
16981,30250.0,[ 0.2544184  -4.77481552],35136.0,2020-03-23,61.0,19,2311.0,6.58,2.72,40.0,-4.0,6368.0,539.0,0.0,2575.0,Spain
16982,33283.0,[ 0.23505929 -3.71903695],39885.0,2020-03-24,62.0,20,2808.0,7.04,2.95,40.0,-4.0,4749.0,497.0,1219.0,3794.0,Spain
16983,40501.0,[ 0.22012676 -2.88585237],49515.0,2020-03-25,63.0,21,3647.0,7.37,3.15,40.0,-4.0,9630.0,839.0,1573.0,5367.0,Spain
16984,46406.0,[ 0.20876223 -2.2433169 ],57786.0,2020-03-26,64.0,22,4365.0,7.55,3.32,40.0,-4.0,8271.0,718.0,1648.0,7015.0,Spain
16985,51224.0,[ 0.19723519 -1.57911606],65719.0,2020-03-27,65.0,23,5138.0,7.82,3.51,40.0,-4.0,7933.0,773.0,2342.0,9357.0,Spain
16986,54968.0,[ 0.178207   -0.44627639],73235.0,2020-03-28,66.0,24,5982.0,8.17,3.89,40.0,-4.0,7516.0,844.0,2928.0,12285.0,Spain
16987,58598.0,[ 0.17174819 -0.06964579],80110.0,2020-03-29,67.0,25,6803.0,8.49,4.04,40.0,-4.0,6875.0,821.0,2424.0,14709.0,Spain
16988,63460.0,[0.16432757 0.37142492],87956.0,2020-03-30,68.0,26,7716.0,8.77,4.22,40.0,-4.0,7846.0,913.0,2071.0,16780.0,Spain
16989,68200.0,[0.15608246 0.87102635],95923.0,2020-03-31,69.0,27,8464.0,8.82,4.44,40.0,-4.0,7967.0,748.0,2479.0,19259.0,Spain
16990,72084.0,[0.14833683 1.34584305],104118.0,2020-04-01,70.0,28,9387.0,9.02,4.67,40.0,-4.0,8195.0,923.0,3388.0,22647.0,Spain
16991,74974.0,[0.13947848 1.9009736 ],112065.0,2020-04-02,71.0,29,10348.0,9.23,4.97,40.0,-4.0,7947.0,961.0,4096.0,26743.0,Spain
16992,77488.0,[0.12957111 2.53478242],119199.0,2020-04-03,72.0,30,11198.0,9.39,5.35,40.0,-4.0,7134.0,850.0,3770.0,30513.0,Spain
16993,80002.0,[0.12099157 3.08900216],126168.0,2020-04-04,73.0,31,11947.0,9.47,5.73,40.0,-4.0,6969.0,749.0,3706.0,34219.0,Spain
16994,80925.0,[0.11080912 3.76164936],131646.0,2020-04-05,74.0,32,12641.0,9.6,6.26,40.0,-4.0,5478.0,694.0,3861.0,38080.0,Spain
16995,82897.0,[0.10141352 4.39028593],136675.0,2020-04-06,75.0,33,13341.0,9.76,6.83,40.0,-4.0,5029.0,700.0,2357.0,40437.0,Spain
16996,84689.0,[0.0910379  5.09936232],141942.0,2020-04-07,76.0,34,14045.0,9.89,7.61,40.0,-4.0,5267.0,704.0,2771.0,43208.0,Spain
16997,85407.0,[0.08192145 5.73188434],148220.0,2020-04-08,77.0,35,14792.0,9.98,8.46,40.0,-4.0,6278.0,747.0,4813.0,48021.0,Spain
16998,85610.0,[0.07247276 6.40021392],153222.0,2020-04-09,78.0,36,15447.0,10.08,9.56,40.0,-4.0,5002.0,655.0,4144.0,52165.0,Spain
16999,86524.0,[0.06518789 6.92123656],158273.0,2020-04-10,79.0,37,16081.0,10.16,10.63,40.0,-4.0,5051.0,634.0,3503.0,55668.0,Spain
17000,87312.0,[0.05899984 7.36950548],163027.0,2020-04-11,80.0,38,16606.0,10.19,11.75,40.0,-4.0,4754.0,525.0,3441.0,59109.0,Spain
17001,87231.0,[0.05348613 7.77398808],166831.0,2020-04-12,81.0,39,17209.0,10.32,12.96,40.0,-4.0,3804.0,603.0,3282.0,62391.0,Spain
17002,87616.0,[0.0483675  8.15450931],170099.0,2020-04-13,82.0,40,17756.0,10.44,14.33,40.0,-4.0,3268.0,547.0,2336.0,64727.0,Spain
17003,86981.0,[0.04332793 8.53458146],172541.0,2020-04-14,83.0,41,18056.0,10.46,16.0,40.0,-4.0,2442.0,300.0,2777.0,67504.0,Spain
17004,88083.0,[0.03901063 8.86546108],177644.0,2020-04-15,84.0,42,18708.0,10.53,17.77,40.0,-4.0,5103.0,652.0,3349.0,70853.0,Spain
17005,90836.0,[0.03568239 9.12542197],184948.0,2020-04-16,85.0,43,19315.0,10.44,19.43,40.0,-4.0,7304.0,607.0,3944.0,74797.0,Spain
17006,96040.0,[0.03316432 9.32527671],190839.0,2020-04-17,86.0,44,20002.0,10.48,20.9,40.0,-4.0,5891.0,687.0,0.0,74797.0,Spain
17007,96886.0,[0.03080533 9.5132142 ],191726.0,2020-04-18,87.0,45,20043.0,10.45,22.5,40.0,-4.0,887.0,41.0,0.0,74797.0,Spain
17008,100864.0,[0.02919509 9.64396249],198674.0,2020-04-19,88.0,46,20453.0,10.29,23.74,40.0,-4.0,6948.0,410.0,2560.0,77357.0,Spain
17009,98771.0,[0.02767268 9.76770363],200210.0,2020-04-20,89.0,47,20852.0,10.42,25.05,40.0,-4.0,1536.0,399.0,3230.0,80587.0,Spain
17010,100382.0,[0.02628764 9.88172675],204178.0,2020-04-21,90.0,48,21282.0,10.42,26.37,40.0,-4.0,3968.0,430.0,1927.0,82514.0,Spain
17011,100757.0,[0.02499933 9.98937502],208389.0,2020-04-22,91.0,49,21717.0,10.42,27.73,40.0,-4.0,4211.0,435.0,3401.0,85915.0,Spain
17012,101617.0,[ 0.02390101 10.08255787],213024.0,2020-04-23,92.0,50,22157.0,10.4,29.0,40.0,-4.0,4635.0,440.0,3335.0,89250.0,Spain
17013,104885.0,[ 0.02337771 10.12801502],219764.0,2020-04-24,93.0,51,22524.0,10.25,29.65,40.0,-4.0,6740.0,367.0,3105.0,92355.0,Spain
18561,198.0,[ 0.18621747 -2.76205708],217.0,2020-03-05,43.0,0,12.0,5.53,3.72,37.0902,-95.7129,68.0,1.0,0.0,7.0,USA
18562,241.0,[ 0.19205878 -2.97377016],262.0,2020-03-06,44.0,1,14.0,5.34,3.61,37.0902,-95.7129,45.0,2.0,0.0,7.0,USA
18563,378.0,[ 0.19851012 -3.19328543],402.0,2020-03-07,45.0,2,17.0,4.23,3.49,37.0902,-95.7129,140.0,3.0,0.0,7.0,USA
18564,490.0,[ 0.20403875 -3.38327756],518.0,2020-03-08,46.0,3,21.0,4.05,3.4,37.0902,-95.7129,116.0,4.0,0.0,7.0,USA
18565,554.0,[ 0.20175758 -3.26845128],583.0,2020-03-09,47.0,4,22.0,3.77,3.44,37.0902,-95.7129,65.0,1.0,0.0,7.0,USA
18566,923.0,[ 0.19969005 -3.12660909],959.0,2020-03-10,48.0,5,28.0,2.92,3.47,37.0902,-95.7129,376.0,6.0,1.0,8.0,USA
18567,1237.0,[ 0.22237412 -4.06621458],1281.0,2020-03-11,49.0,6,36.0,2.81,3.12,37.0902,-95.7129,322.0,8.0,0.0,8.0,USA
18568,1611.0,[ 0.24133405 -4.87660128],1663.0,2020-03-12,50.0,7,40.0,2.41,2.87,37.0902,-95.7129,382.0,4.0,4.0,12.0,USA
18569,2120.0,[ 0.25878718 -5.64942327],2179.0,2020-03-13,51.0,8,47.0,2.16,2.68,37.0902,-95.7129,516.0,7.0,0.0,12.0,USA
18570,2661.0,[ 0.2709073 -6.206899 ],2727.0,2020-03-14,52.0,9,54.0,1.98,2.56,37.0902,-95.7129,548.0,7.0,0.0,12.0,USA
18571,3424.0,[ 0.27804864 -6.54861928],3499.0,2020-03-15,53.0,10,63.0,1.8,2.49,37.0902,-95.7129,772.0,9.0,0.0,12.0,USA
18572,4530.0,[ 0.28254832 -6.77207576],4632.0,2020-03-16,54.0,11,85.0,1.84,2.45,37.0902,-95.7129,1133.0,22.0,5.0,17.0,USA
18573,6296.0,[ 0.28395062 -6.84227919],6421.0,2020-03-17,55.0,12,108.0,1.68,2.44,37.0902,-95.7129,1789.0,23.0,0.0,17.0,USA
18574,7560.0,[ 0.28349164 -6.83054873],7783.0,2020-03-18,56.0,13,118.0,1.52,2.45,37.0902,-95.7129,1362.0,10.0,88.0,105.0,USA
18575,13426.0,[ 0.28735754 -7.0080339 ],13747.0,2020-03-19,57.0,14,200.0,1.45,2.41,37.0902,-95.7129,5964.0,82.0,16.0,121.0,USA
18576,18882.0,[ 0.29051451 -7.15091145],19273.0,2020-03-20,58.0,15,244.0,1.27,2.39,37.0902,-95.7129,5526.0,44.0,26.0,147.0,USA
18577,25117.0,[ 0.29503096 -7.37587023],25600.0,2020-03-21,59.0,16,307.0,1.2,2.35,37.0902,-95.7129,6327.0,63.0,29.0,176.0,USA
18578,32681.0,[ 0.29601266 -7.41967464],33276.0,2020-03-22,60.0,17,417.0,1.25,2.34,37.0902,-95.7129,7676.0,110.0,2.0,178.0,USA
18579,43108.0,[ 0.29953261 -7.6107597 ],43843.0,2020-03-23,61.0,18,557.0,1.27,2.31,37.0902,-95.7129,10567.0,140.0,0.0,178.0,USA
18580,52682.0,[ 0.30007914 -7.64996206],53736.0,2020-03-24,62.0,19,706.0,1.31,2.31,37.0902,-95.7129,9893.0,149.0,170.0,348.0,USA
18581,64475.0,[ 0.29438878 -7.33886033],65778.0,2020-03-25,63.0,20,942.0,1.43,2.35,37.0902,-95.7129,12042.0,236.0,13.0,361.0,USA
18582,81946.0,[ 0.29259241 -7.25233396],83836.0,2020-03-26,64.0,21,1209.0,1.44,2.37,37.0902,-95.7129,18058.0,267.0,320.0,681.0,USA
18583,99207.0,[ 0.28913614 -7.07281787],101657.0,2020-03-27,65.0,22,1581.0,1.56,2.4,37.0902,-95.7129,17821.0,372.0,188.0,869.0,USA
18584,118367.0,[ 0.28326677 -6.75040835],121465.0,2020-03-28,66.0,23,2026.0,1.67,2.45,37.0902,-95.7129,19808.0,445.0,203.0,1072.0,USA
18585,135777.0,[ 0.27480835 -6.26982119],140909.0,2020-03-29,67.0,24,2467.0,1.75,2.52,37.0902,-95.7129,19444.0,441.0,1593.0,2665.0,USA
18586,153209.0,[ 0.26274963 -5.55986717],161831.0,2020-03-30,68.0,25,2978.0,1.84,2.64,37.0902,-95.7129,20922.0,511.0,2979.0,5644.0,USA
18587,177274.0,[ 0.24823948 -4.68118779],188172.0,2020-03-31,69.0,26,3874.0,2.06,2.79,37.0902,-95.7129,26341.0,896.0,1380.0,7024.0,USA
18588,200008.0,[ 0.23178081 -3.66142057],213242.0,2020-04-01,70.0,27,4760.0,2.23,2.99,37.0902,-95.7129,25070.0,886.0,1450.0,8474.0,USA
18589,228692.0,[ 0.21516173 -2.61063718],243622.0,2020-04-02,71.0,28,5929.0,2.43,3.22,37.0902,-95.7129,30380.0,1169.0,527.0,9001.0,USA
18590,258570.0,[ 0.19535953 -1.32567137],275367.0,2020-04-03,72.0,29,7090.0,2.57,3.55,37.0902,-95.7129,31745.0,1161.0,706.0,9707.0,USA
18591,285590.0,[ 0.18180756 -0.43891509],308650.0,2020-04-04,73.0,30,8408.0,2.72,3.81,37.0902,-95.7129,33283.0,1318.0,4945.0,14652.0,USA
18592,309735.0,[0.16947701 0.37805774],336802.0,2020-04-05,74.0,31,9619.0,2.86,4.09,37.0902,-95.7129,28152.0,1211.0,2796.0,17448.0,USA
18593,335953.0,[0.15768259 1.17101102],366317.0,2020-04-06,75.0,32,10783.0,2.94,4.4,37.0902,-95.7129,29515.0,1164.0,2133.0,19581.0,USA
18594,362564.0,[0.14639914 1.9412073 ],397121.0,2020-04-07,76.0,33,12794.0,3.22,4.73,37.0902,-95.7129,30804.0,2011.0,2182.0,21763.0,USA
18595,390391.0,[0.13640329 2.63202212],428654.0,2020-04-08,77.0,34,14704.0,3.43,5.08,37.0902,-95.7129,31533.0,1910.0,1796.0,23559.0,USA
18596,420826.0,[0.1264779  3.32993201],462780.0,2020-04-09,78.0,35,16544.0,3.57,5.48,37.0902,-95.7129,34126.0,1840.0,1851.0,25410.0,USA
18597,449150.0,[0.1168277  4.01977859],496535.0,2020-04-10,79.0,36,18595.0,3.74,5.93,37.0902,-95.7129,33755.0,2051.0,3380.0,28790.0,USA
18598,474655.0,[0.10858497 4.61537383],526396.0,2020-04-11,80.0,37,20471.0,3.89,6.38,37.0902,-95.7129,29861.0,1876.0,2480.0,31270.0,USA
18599,500296.0,[0.10093694 5.17503956],555313.0,2020-04-12,81.0,38,22029.0,3.97,6.87,37.0902,-95.7129,28917.0,1558.0,1718.0,32988.0,USA
18600,513599.0,[0.09372855 5.7089067 ],580619.0,2020-04-13,82.0,39,23538.0,4.05,7.4,37.0902,-95.7129,25306.0,1509.0,10494.0,43482.0,USA
18601,534064.0,[0.08663548 6.24204936],607670.0,2020-04-14,83.0,40,25843.0,4.25,8.0,37.0902,-95.7129,27051.0,2305.0,4281.0,47763.0,USA
18602,555916.0,[0.07972208 6.76986428],636350.0,2020-04-15,84.0,41,28338.0,4.45,8.69,37.0902,-95.7129,28680.0,2495.0,4333.0,52096.0,USA
18603,579959.0,[0.07360897 7.24305346],667592.0,2020-04-16,85.0,42,32930.0,4.93,9.42,37.0902,-95.7129,31242.0,4592.0,2607.0,54703.0,USA
18604,604374.0,[0.06793455 7.68915051],699706.0,2020-04-17,86.0,43,36787.0,5.26,10.2,37.0902,-95.7129,32114.0,3857.0,3842.0,58545.0,USA
18605,628693.0,[0.06309633 8.07463186],732197.0,2020-04-18,87.0,44,38664.0,5.28,10.99,37.0902,-95.7129,32491.0,1877.0,6295.0,64840.0,USA
18606,647811.0,[0.05887122 8.41500937],758809.0,2020-04-19,88.0,45,40661.0,5.36,11.77,37.0902,-95.7129,26612.0,1997.0,5497.0,70337.0,USA
18607,669903.0,[0.05524697 8.70980292],784326.0,2020-04-20,89.0,46,42094.0,5.37,12.55,37.0902,-95.7129,25517.0,1433.0,1992.0,72329.0,USA
18608,692217.0,[0.05182315 8.99201112],811865.0,2020-04-21,90.0,47,44444.0,5.47,13.38,37.0902,-95.7129,27539.0,2350.0,2875.0,75204.0,USA
18609,716363.0,[0.04867238 9.25517271],840351.0,2020-04-22,91.0,48,46622.0,5.55,14.24,37.0902,-95.7129,28486.0,2178.0,2162.0,77366.0,USA
18610,739013.0,[0.04584183 9.49463729],869170.0,2020-04-23,92.0,49,49954.0,5.75,15.12,37.0902,-95.7129,28819.0,3332.0,2837.0,80203.0,USA
18611,754330.0,[0.04351752 9.6942545 ],905358.0,2020-04-24,93.0,50,51949.0,5.74,15.93,37.0902,-95.7129,36188.0,1995.0,18876.0,99079.0,USA
